id,category,question,answer
"1","Admissions","How do I apply for admission?","Apply through the college admission portal, complete the form, upload required documents, and pay the application fee before the deadline."
"2","Admissions","What are the eligibility criteria for admission?","Eligibility depends on the programme; review the current prospectus and submit qualifying examination marks and required entrance scores."
"3","Admissions","Which documents are required for admission?","Keep your marksheets, transfer certificate, ID proof, photographs, entrance scorecard, and category certificate if applicable."
"4","Admissions","Can I change my course after admission?","Course changes are considered only during the notified window and depend on eligibility, seats, and academic approval."
"5","Admissions","What is the admission application deadline?","Application deadlines are published on the official admissions noticeboard and portal each admission cycle."
"6","Admissions","Is there an entrance examination for admission?","Some programmes use entrance examinations while others use merit; please check the programme-specific admission notice."
"7","Admissions","How can I check my admission status?","Sign in to the admissions portal with your application number to view your application and admission status."
"8","Admissions","Can international students apply?","Yes. International applicants should use the international admissions process and submit passport and visa-related documents."
"9","Admissions","Is direct admission available?","Direct admission, where permitted, is subject to institutional policy, merit criteria, and seat availability."
"10","Admissions","How do I correct an error in my application?","Contact the admissions office promptly with your application number; corrections are allowed only before verification closes."
"11","Admissions","What is the counselling process?","Eligible applicants select preferences, verify documents, receive seat allotment, and confirm their seat by the specified date."
"12","Admissions","Can I defer my admission?","Deferral requests are reviewed case by case. Contact admissions before the academic session begins."
"13","Fees","How can I pay my college fees?","Pay securely through the student portal using the available online payment methods or follow the accounts office instructions."
"14","Fees","What is the fee payment deadline?","The fee due date is shown in your student portal and official fee circular. Pay before it to avoid late charges."
"15","Fees","Are instalments available for fee payment?","Instalments may be available under the college fee policy; submit a request to the accounts office before the deadline."
"16","Fees","Is there a late fee for delayed payment?","Yes, a late fee may apply after the notified due date according to the current fee policy."
"17","Fees","How can I download my fee receipt?","Log in to the student portal, open Fees or Payments, and download the receipt for the completed transaction."
"18","Fees","Can I get a fee refund?","Refunds follow the approved refund policy. Submit a written request with payment proof to the accounts office."
"19","Fees","What does the tuition fee include?","Tuition generally covers academic instruction; charges for transport, hostel, examinations, or special activities may be separate."
"20","Fees","How do I check my outstanding fee balance?","Your outstanding balance appears on the Fees dashboard in the student portal."
"21","Fees","Can my parent pay fees on my behalf?","Yes. A parent may pay using your student ID or registered fee payment link."
"22","Fees","What should I do if payment fails?","Do not pay again immediately. Check transaction status, retain the reference number, and contact accounts if the amount was debited."
"23","Fees","Are examination fees separate?","Examination fees are usually collected separately when the examination form is opened."
"24","Fees","Where is the accounts office located?","The accounts office location and working hours are listed on the campus directory and student portal."
"25","Attendance","What is the minimum attendance requirement?","Students should maintain the minimum attendance percentage specified in the academic regulations for each course."
"26","Attendance","How can I check my attendance?","Open the Attendance section of the student portal to see subject-wise attendance and recent updates."
"27","Attendance","What happens if my attendance is short?","You may receive a warning and can be restricted from examinations as per academic regulations."
"28","Attendance","Can medical leave be counted for attendance?","Submit valid medical documents to your department promptly; consideration follows the approved attendance policy."
"29","Attendance","How often is attendance updated?","Faculty normally update attendance after classes, and the portal refreshes according to departmental schedules."
"30","Attendance","Can I request correction of attendance?","Yes. Contact the course faculty with the date and relevant evidence as soon as you identify an error."
"31","Attendance","Does attendance affect exam eligibility?","Yes. Minimum attendance is commonly required to be eligible to appear in end-semester examinations."
"32","Attendance","Is attendance compulsory for labs?","Yes. Practical and laboratory attendance is compulsory and is tracked separately in many programmes."
"33","Attendance","How do I get attendance condonation?","Apply through your department with supporting documents during the official condonation period, if eligible."
"34","Attendance","Are extracurricular activities counted as attendance?","Approved institutional activities may be considered when officially authorized; obtain confirmation from your department."
"35","Attendance","Can parents view attendance?","Where parent access is enabled, guardians can view attendance through the portal using authorized credentials."
"36","Attendance","What is the attendance policy for online classes?","Online attendance is recorded through the designated learning platform and follows the same academic policy."
"37","Examinations","When are semester examinations held?","The examination schedule is published in the academic calendar and on the examination cell noticeboard."
"38","Examinations","How do I fill the examination form?","Log in to the student portal during the form window, verify subjects, pay any required fee, and submit."
"39","Examinations","How can I download my admit card?","Once released, download your admit card from the examinations section of the student portal."
"40","Examinations","What should I bring to the examination hall?","Bring your admit card, college ID, and permitted stationery. Follow all instructions printed on the admit card."
"41","Examinations","When will results be declared?","Result declaration dates are announced by the examination cell after evaluation and approval are completed."
"42","Examinations","How can I apply for revaluation?","Submit the revaluation application and fee through the portal within the notified result review period."
"43","Examinations","What is the passing criteria?","Passing criteria are defined in programme regulations and may include separate minimum marks for theory and practical components."
"44","Examinations","Can I see my answer sheet?","Answer script viewing, if offered, follows examination cell rules and must be requested within the published timeline."
"45","Examinations","What happens if I miss an exam?","Notify the examination cell immediately. Eligibility for a supplementary or special exam depends on policy and documentation."
"46","Examinations","How do I apply for a supplementary exam?","Use the examination portal during the supplementary registration window and complete the required payment."
"47","Examinations","Are calculators allowed in exams?","Calculators are allowed only when expressly permitted for that subject; check the exam instructions."
"48","Examinations","Where can I find the exam timetable?","The official timetable is available in the student portal, examination cell notices, and department noticeboards."
"49","Timetable","Where can I view my class timetable?","Your current class timetable is available in the student portal and on your department noticeboard."
"50","Timetable","How often is the timetable updated?","Updates are made whenever needed; always check the latest version on the portal before attending class."
"51","Timetable","What should I do if two classes overlap?","Inform your class coordinator or department office immediately so they can verify the timetable."
"52","Timetable","Are timetable changes notified?","Important changes are communicated through the portal, department notices, or official class channels."
"53","Timetable","How do I find my classroom?","Check the room code beside each timetable entry and use campus signage or the department office for directions."
"54","Timetable","Does the timetable include laboratory sessions?","Yes. Laboratory and tutorial sessions are normally included with their room or lab number."
"55","Timetable","How can I find faculty consultation hours?","Faculty consultation hours are listed by departments or can be confirmed directly with the faculty member."
"56","Timetable","Is there a timetable for weekend classes?","Weekend classes, if scheduled, appear in the latest timetable and official department notifications."
"57","Timetable","Can I download the timetable as PDF?","Use the download option on the portal if available, or request the published PDF from your department."
"58","Timetable","What is the timetable for first-year students?","First-year timetables are posted in the respective department section of the portal before classes commence."
"59","Timetable","Why is my timetable not visible?","Confirm your enrollment and semester selection, then contact the department office if it still does not appear."
"60","Timetable","Where can I find the academic calendar?","The academic calendar is published on the college website and student portal."
"61","Library","What are the library working hours?","Library working hours are displayed at the library entrance and on the library page of the student portal."
"62","Library","How do I borrow a book from the library?","Present your college ID at the circulation desk and ensure that the book is eligible for issue."
"63","Library","How many books can I borrow?","The borrowing limit depends on your student category and is listed in the library rules."
"64","Library","How can I renew a library book?","Renew eligible books online through the library account or at the circulation desk before the due date."
"65","Library","What is the fine for late book return?","Late-return fines are calculated according to library policy and are shown by the circulation desk."
"66","Library","Can I access e-books from home?","Yes, students can access subscribed digital resources using their institutional login where remote access is enabled."
"67","Library","How do I reserve a book?","Search the library catalogue and place a reservation if the book is currently issued to another user."
"68","Library","What should I do if I lose a library book?","Report the loss immediately to the library. You may need to replace the book and pay applicable processing charges."
"69","Library","Is there a reading room in the library?","Yes, the library provides designated quiet reading spaces subject to its seating rules."
"70","Library","Can alumni use the library?","Alumni access depends on library policy; contact the librarian for current visitor and membership rules."
"71","Library","How can I access research journals?","Use the library's e-resources portal on campus or through authorized remote access."
"72","Library","Is printing available in the library?","Printing or photocopying services may be available in the library during posted service hours."
"73","Hostel","How do I apply for hostel accommodation?","Submit the hostel application through the designated portal or hostel office after admission confirmation."
"74","Hostel","What are the hostel fees?","Hostel fees vary by room type and facilities; see the current hostel fee notice for exact amounts."
"75","Hostel","Are hostel rooms shared?","Most hostel rooms are shared, although availability and room type depend on the hostel allocation policy."
"76","Hostel","What items should I bring to the hostel?","Bring personal bedding, toiletries, essential clothing, and any items listed in the hostel joining instructions."
"77","Hostel","What are the hostel entry timings?","Entry timings and curfew rules are listed in the hostel handbook and must be followed by all residents."
"78","Hostel","Is Wi-Fi available in the hostel?","Hostel Wi-Fi is provided where available, subject to acceptable-use rules and network maintenance."
"79","Hostel","How can I report a maintenance issue?","Submit a complaint through the hostel office or maintenance portal with your room number and issue details."
"80","Hostel","Can I change my hostel room?","Room changes are considered for valid reasons, subject to availability and warden approval."
"81","Hostel","Are visitors allowed in the hostel?","Visitors are allowed only in designated areas during approved visiting hours and with required identification."
"82","Hostel","Is mess food included in hostel fees?","Mess arrangements and charges are specified separately in the hostel fee notice and resident handbook."
"83","Hostel","What happens if I violate hostel rules?","Violations may result in warnings or disciplinary action under the hostel code of conduct."
"84","Hostel","How do I vacate the hostel?","Complete the hostel clearance process, settle dues, return issued items, and obtain warden approval."
"85","Placement","When does placement registration start?","Placement registration dates are announced by the training and placement cell through official notices."
"86","Placement","How do I register for campus placements?","Complete your profile and upload the required documents on the placement portal before the deadline."
"87","Placement","What documents are needed for placement?","Typically you need a resume, academic records, ID, and any documents requested by the recruiting company."
"88","Placement","Can students with backlogs attend placements?","Eligibility for students with backlogs is decided by each company and communicated with the job announcement."
"89","Placement","How can I prepare for placement interviews?","Attend placement training, practise aptitude and technical questions, refine your resume, and take mock interviews."
"90","Placement","Where can I upload my resume?","Upload and update your resume in the placement portal profile section."
"91","Placement","How do I know about company drives?","Company drive information is shared through the placement portal, email, and official placement notices."
"92","Placement","Can I apply to multiple companies?","Yes, subject to placement cell rules and any offer or eligibility conditions that apply."
"93","Placement","What is the placement eligibility criteria?","Each company sets criteria such as branch, grades, graduation year, and backlog status."
"94","Placement","How do I get an internship through college?","Register with the placement cell and apply to internship opportunities posted on the placement portal."
"95","Placement","Who should I contact for placement queries?","Contact the training and placement cell using the official contact details on the portal."
"96","Placement","Are mock interviews conducted?","Yes, the placement cell may conduct mock interviews and training sessions before recruitment drives."
"97","Scholarships","What scholarships are available for students?","Available scholarships include government, merit, need-based, and institution-supported schemes, subject to eligibility."
"98","Scholarships","How do I apply for a scholarship?","Apply through the notified scholarship portal and submit all required documents before the deadline."
"99","Scholarships","What documents are needed for scholarship?","Requirements commonly include marksheets, income certificate, bank details, ID, and category certificates where applicable."
"100","Scholarships","What is the scholarship application deadline?","Deadlines are announced for each scheme on official notices and the relevant scholarship portal."
"101","Scholarships","Can I apply for more than one scholarship?","You may apply where scheme rules allow, but verify whether receiving multiple awards is permitted."
"102","Scholarships","How can I check scholarship status?","Log in to the scholarship portal with your application credentials to track verification and payment status."
"103","Scholarships","What is a merit scholarship?","A merit scholarship is financial support awarded based on academic performance or other stated achievement criteria."
"104","Scholarships","Is an income certificate required?","An income certificate is required for many need-based schemes; check the specific scholarship guidelines."
"105","Scholarships","When is scholarship money credited?","Disbursement occurs after verification and approval and follows the schedule of the funding authority."
"106","Scholarships","Can I renew my scholarship?","Renewal is possible when you continue to meet the scheme's academic and documentation requirements."
"107","Scholarships","Who verifies scholarship applications?","Applications are verified by designated college officials and, for some schemes, by government departments."
"108","Scholarships","What should I do if my scholarship is rejected?","Read the rejection reason, correct eligible issues if allowed, and contact the scholarship cell for guidance."
"109","Student Portal","How do I log in to the student portal?","Use your registered student ID and password on the official student portal login page."
"110","Student Portal","I forgot my student portal password. What should I do?","Select Forgot Password, verify your registered email or mobile number, and set a new secure password."
"111","Student Portal","How do I update my profile in the portal?","Open Profile in the portal, edit the permitted fields, and save changes. Contact administration for locked fields."
"112","Student Portal","How can I download my marksheet from the portal?","Navigate to Results or Documents, select the relevant semester, and use the download option."
"113","Student Portal","Why is the student portal not working?","Check your internet connection and try again later. If the issue continues, contact the IT helpdesk."
"114","Student Portal","Can I update my phone number in the portal?","Use the profile update option if enabled; otherwise submit a request to the administration office."
"115","Student Portal","How do I view notices on the portal?","Open the Notices or Announcements section after logging in to see the latest official updates."
"116","Student Portal","Where can I find my student ID?","Your student ID appears on your identity card, admission documents, and portal profile."
"117","Student Portal","How do I access course materials?","Open the Learning or Course Materials section and choose the course and semester."
"118","Student Portal","Can parents access the student portal?","Parent access is available only where the institution has enabled a separate authorized parent portal."
"119","Student Portal","How do I raise a support ticket?","Use the Helpdesk or Support section in the portal, describe the issue clearly, and note the ticket number."
"120","Student Portal","Is the student portal available on mobile?","The portal works in modern mobile browsers; use the official app only if the college provides one."
"121","Transport","How do I apply for college transport?","Submit a transport application through the transport office or portal and select an available route and stop."
"122","Transport","What are the bus routes and timings?","Current routes, stops, and timings are published by the transport office and on the student portal."
"123","Transport","How can I pay transport fees?","Pay transport fees using the student portal or accounts process specified in the transport fee notice."
"124","Transport","Can I change my bus stop?","Submit a stop-change request to the transport office; approval depends on route feasibility and seat availability."
"125","Transport","What should I do if I miss the bus?","Arrange your own safe travel for that day and inform the transport office if there is a recurring route issue."
"126","Transport","Is bus tracking available?","Bus tracking may be available through the designated transport app or portal where the service is enabled."
"127","Transport","How do I report a bus-related complaint?","Report the route, bus number, date, and issue to the transport office through official channels."
"128","Transport","Are transport fees refundable?","Refunds are governed by the transport policy and may depend on timing and route allocation status."
"129","Transport","Can day scholars use the college bus occasionally?","Occasional use depends on available seats and transport office approval; contact them before travelling."
"130","Transport","What are the bus safety rules?","Wear your ID, follow staff instructions, remain seated when required, and avoid unsafe behaviour during travel."
"131","Transport","Where is the transport office located?","The transport office location and contact information are available in the campus directory."
"132","Transport","Is transport available during exams?","Exam-day transport arrangements are announced by the transport office before examinations."
"133","General Queries","What are the college working hours?","College and administrative office hours are listed in the campus directory and may vary during vacations."
"134","General Queries","Where can I find the campus map?","The campus map is available at main entrances, on noticeboards, and often in the student portal."
"135","General Queries","How do I get a bonafide certificate?","Apply through the student portal or administration office and collect it after the stated processing time."
"136","General Queries","How can I get a duplicate ID card?","Report the loss and apply to the administration office with identification and any required replacement fee."
"137","General Queries","What is the anti-ragging policy?","The college maintains a zero-tolerance anti-ragging policy. Report concerns immediately to the anti-ragging committee."
"138","General Queries","How do I contact the IT helpdesk?","Use the Helpdesk portal or the official IT support contact details listed on the student portal."
"139","General Queries","Are there student clubs and societies?","Yes, students can join academic, cultural, sports, and technical clubs through official announcements."
"140","General Queries","How do I register a grievance?","Submit your grievance through the official grievance cell or portal with clear details and supporting evidence."
"141","General Queries","Where is the medical room?","The medical room location and emergency contact details are posted in the campus directory."
"142","General Queries","How do I book an auditorium or classroom?","Submit a booking request through your department or the facilities office well before the event."
"143","General Queries","Is there a lost and found office?","Lost-and-found items can be reported to campus security or the administration office."
"144","General Queries","How do I obtain a transfer certificate?","Apply to the administration office after completing academic and financial clearance requirements."
"145","General Queries","What is the college emergency contact number?","Emergency contact information is displayed on campus noticeboards and in the student portal directory."
"146","General Queries","How can I participate in sports events?","Watch official sports notices, register with the physical education department, and attend required trials or practice sessions."
"147","General Queries","Does the campus have a cafeteria?","The campus cafeteria details, menus, and service hours are available at the dining area and campus directory."
"148","General Queries","How do I get a character certificate?","Submit a certificate request through the administration office after meeting the required clearance conditions."
"149","General Queries","Can I park my vehicle on campus?","Parking is subject to campus rules, designated areas, and any required vehicle registration or parking pass."
"150","General Queries","How do I report a safety concern?","Report urgent safety concerns to campus security immediately or use the official grievance and emergency contact channels."
